model,tier,params,item_id,category,difficulty,gold_label,seed,raw_output,pred_label,is_valid,is_correct,latency_ms
Llama-3.2-3B,SLM,3B,uc6_test_001,neurological,hard,CRITICAL,42,CRITICAL,CRITICAL,True,True,9158
Llama-3.2-3B,SLM,3B,uc6_test_001,neurological,hard,CRITICAL,43,CRITICAL,CRITICAL,True,True,251
Llama-3.2-3B,SLM,3B,uc6_test_001,neurological,hard,CRITICAL,44,CRITICAL,CRITICAL,True,True,226
Llama-3.2-3B,SLM,3B,uc6_test_002,sepsis_infection,medium,CRITICAL,42,CRITICAL,CRITICAL,True,True,1037
Llama-3.2-3B,SLM,3B,uc6_test_002,sepsis_infection,medium,CRITICAL,43,CRITICAL,CRITICAL,True,True,178
Llama-3.2-3B,SLM,3B,uc6_test_002,sepsis_infection,medium,CRITICAL,44,CRITICAL,CRITICAL,True,True,185
Llama-3.2-3B,SLM,3B,uc6_test_003,neurological,medium,CRITICAL,42,CRITICAL,CRITICAL,True,True,902
Llama-3.2-3B,SLM,3B,uc6_test_003,neurological,medium,CRITICAL,43,CRITICAL,CRITICAL,True,True,176
Llama-3.2-3B,SLM,3B,uc6_test_003,neurological,medium,CRITICAL,44,CRITICAL,CRITICAL,True,True,199
Llama-3.2-3B,SLM,3B,uc6_test_004,neurological,easy,CRITICAL,42,CRITICAL,CRITICAL,True,True,983
Llama-3.2-3B,SLM,3B,uc6_test_004,neurological,easy,CRITICAL,43,CRITICAL,CRITICAL,True,True,175
Llama-3.2-3B,SLM,3B,uc6_test_004,neurological,easy,CRITICAL,44,CRITICAL,CRITICAL,True,True,180
Llama-3.2-3B,SLM,3B,uc6_test_005,neurological,medium,URGENT,42,CRITICAL,CRITICAL,True,False,893
Llama-3.2-3B,SLM,3B,uc6_test_005,neurological,medium,URGENT,43,CRITICAL,CRITICAL,True,False,189
Llama-3.2-3B,SLM,3B,uc6_test_005,neurological,medium,URGENT,44,CRITICAL,CRITICAL,True,False,186
Llama-3.2-3B,SLM,3B,uc6_test_006,trauma,easy,URGENT,42,CRITICAL,CRITICAL,True,False,991
Llama-3.2-3B,SLM,3B,uc6_test_006,trauma,easy,URGENT,43,CRITICAL,CRITICAL,True,False,170
Llama-3.2-3B,SLM,3B,uc6_test_006,trauma,easy,URGENT,44,CRITICAL,CRITICAL,True,False,209
Llama-3.2-3B,SLM,3B,uc6_test_007,sepsis_infection,easy,URGENT,42,CRITICAL,CRITICAL,True,False,1004
Llama-3.2-3B,SLM,3B,uc6_test_007,sepsis_infection,easy,URGENT,43,CRITICAL,CRITICAL,True,False,170
Llama-3.2-3B,SLM,3B,uc6_test_007,sepsis_infection,easy,URGENT,44,CRITICAL,CRITICAL,True,False,178
Llama-3.2-3B,SLM,3B,uc6_test_008,respiratory,medium,URGENT,42,CRITICAL,CRITICAL,True,False,968
Llama-3.2-3B,SLM,3B,uc6_test_008,respiratory,medium,URGENT,43,CRITICAL,CRITICAL,True,False,171
Llama-3.2-3B,SLM,3B,uc6_test_008,respiratory,medium,URGENT,44,CRITICAL,CRITICAL,True,False,182
Llama-3.2-3B,SLM,3B,uc6_test_009,trauma,medium,URGENT,42,CRITICAL,CRITICAL,True,False,1001
Llama-3.2-3B,SLM,3B,uc6_test_009,trauma,medium,URGENT,43,CRITICAL,CRITICAL,True,False,175
Llama-3.2-3B,SLM,3B,uc6_test_009,trauma,medium,URGENT,44,CRITICAL,CRITICAL,True,False,184
Llama-3.2-3B,SLM,3B,uc6_test_010,respiratory,medium,URGENT,42,URGENT,URGENT,True,True,1089
Llama-3.2-3B,SLM,3B,uc6_test_010,respiratory,medium,URGENT,43,URGENT,URGENT,True,True,197
Llama-3.2-3B,SLM,3B,uc6_test_010,respiratory,medium,URGENT,44,URGENT,URGENT,True,True,218
Llama-3.2-3B,SLM,3B,uc6_test_011,sepsis_infection,medium,URGENT,42,CRITICAL,CRITICAL,True,False,989
Llama-3.2-3B,SLM,3B,uc6_test_011,sepsis_infection,medium,URGENT,43,CRITICAL,CRITICAL,True,False,172
Llama-3.2-3B,SLM,3B,uc6_test_011,sepsis_infection,medium,URGENT,44,CRITICAL,CRITICAL,True,False,180
Llama-3.2-3B,SLM,3B,uc6_test_012,sepsis_infection,hard,URGENT,42,CRITICAL,CRITICAL,True,False,982
Llama-3.2-3B,SLM,3B,uc6_test_012,sepsis_infection,hard,URGENT,43,CRITICAL,CRITICAL,True,False,174
Llama-3.2-3B,SLM,3B,uc6_test_012,sepsis_infection,hard,URGENT,44,CRITICAL,CRITICAL,True,False,179
Llama-3.2-3B,SLM,3B,uc6_test_013,respiratory,hard,URGENT,42,CRITICAL,CRITICAL,True,False,973
Llama-3.2-3B,SLM,3B,uc6_test_013,respiratory,hard,URGENT,43,CRITICAL,CRITICAL,True,False,175
Llama-3.2-3B,SLM,3B,uc6_test_013,respiratory,hard,URGENT,44,CRITICAL,CRITICAL,True,False,180
Llama-3.2-3B,SLM,3B,uc6_test_014,cardiac,medium,URGENT,42,CRITICAL,CRITICAL,True,False,922
Llama-3.2-3B,SLM,3B,uc6_test_014,cardiac,medium,URGENT,43,CRITICAL,CRITICAL,True,False,176
Llama-3.2-3B,SLM,3B,uc6_test_014,cardiac,medium,URGENT,44,CRITICAL,CRITICAL,True,False,186
Llama-3.2-3B,SLM,3B,uc6_test_015,sepsis_infection,medium,URGENT,42,CRITICAL,CRITICAL,True,False,994
Llama-3.2-3B,SLM,3B,uc6_test_015,sepsis_infection,medium,URGENT,43,CRITICAL,CRITICAL,True,False,173
Llama-3.2-3B,SLM,3B,uc6_test_015,sepsis_infection,medium,URGENT,44,CRITICAL,CRITICAL,True,False,184
Llama-3.2-3B,SLM,3B,uc6_test_016,neurological,easy,SEMIURGENT,42,SEMIURGENT,SEMIURGENT,True,True,1042
Llama-3.2-3B,SLM,3B,uc6_test_016,neurological,easy,SEMIURGENT,43,SEMIURGENT,SEMIURGENT,True,True,253
Llama-3.2-3B,SLM,3B,uc6_test_016,neurological,easy,SEMIURGENT,44,SEMIURGENT,SEMIURGENT,True,True,310
Llama-3.2-3B,SLM,3B,uc6_test_017,neurological,easy,SEMIURGENT,42,SEMIURGENT,SEMIURGENT,True,True,989
Llama-3.2-3B,SLM,3B,uc6_test_017,neurological,easy,SEMIURGENT,43,SEMIURGENT,SEMIURGENT,True,True,262
Llama-3.2-3B,SLM,3B,uc6_test_017,neurological,easy,SEMIURGENT,44,SEMIURGENT,SEMIURGENT,True,True,258
Llama-3.2-3B,SLM,3B,uc6_test_018,respiratory,medium,SEMIURGENT,42,CRITICAL,CRITICAL,True,False,981
Llama-3.2-3B,SLM,3B,uc6_test_018,respiratory,medium,SEMIURGENT,43,URGENT,URGENT,True,False,197
Llama-3.2-3B,SLM,3B,uc6_test_018,respiratory,medium,SEMIURGENT,44,URGENT,URGENT,True,False,213
Llama-3.2-3B,SLM,3B,uc6_test_019,cardiac,easy,SEMIURGENT,42,SEMIURGENT,SEMIURGENT,True,True,1047
Llama-3.2-3B,SLM,3B,uc6_test_019,cardiac,easy,SEMIURGENT,43,SEMIURGENT,SEMIURGENT,True,True,260
Llama-3.2-3B,SLM,3B,uc6_test_019,cardiac,easy,SEMIURGENT,44,SEMIURGENT,SEMIURGENT,True,True,260
Llama-3.2-3B,SLM,3B,uc6_test_020,trauma,easy,SEMIURGENT,42,SEMIURGENT,SEMIURGENT,True,True,1047
Llama-3.2-3B,SLM,3B,uc6_test_020,trauma,easy,SEMIURGENT,43,SEMIURGENT,SEMIURGENT,True,True,249
Llama-3.2-3B,SLM,3B,uc6_test_020,trauma,easy,SEMIURGENT,44,SEMIURGENT,SEMIURGENT,True,True,267
Llama-3.2-3B,SLM,3B,uc6_test_021,respiratory,easy,SEMIURGENT,42,SEMIURGENT,SEMIURGENT,True,True,1055
Llama-3.2-3B,SLM,3B,uc6_test_021,respiratory,easy,SEMIURGENT,43,SEMIURGENT,SEMIURGENT,True,True,261
Llama-3.2-3B,SLM,3B,uc6_test_021,respiratory,easy,SEMIURGENT,44,SEMIURGENT,SEMIURGENT,True,True,272
Llama-3.2-3B,SLM,3B,uc6_test_022,trauma,easy,SEMIURGENT,42,SEMIURGENT,SEMIURGENT,True,True,1040
Llama-3.2-3B,SLM,3B,uc6_test_022,trauma,easy,SEMIURGENT,43,SEMIURGENT,SEMIURGENT,True,True,250
Llama-3.2-3B,SLM,3B,uc6_test_022,trauma,easy,SEMIURGENT,44,SEMIURGENT,SEMIURGENT,True,True,268
Llama-3.2-3B,SLM,3B,uc6_test_023,respiratory,easy,SEMIURGENT,42,SEMIURGENT,SEMIURGENT,True,True,1045
Llama-3.2-3B,SLM,3B,uc6_test_023,respiratory,easy,SEMIURGENT,43,SEMIURGENT,SEMIURGENT,True,True,245
Llama-3.2-3B,SLM,3B,uc6_test_023,respiratory,easy,SEMIURGENT,44,SEMIURGENT,SEMIURGENT,True,True,270
Llama-3.2-3B,SLM,3B,uc6_test_024,sepsis_infection,easy,SEMIURGENT,42,SEMIURGENT,SEMIURGENT,True,True,1058
Llama-3.2-3B,SLM,3B,uc6_test_024,sepsis_infection,easy,SEMIURGENT,43,SEMIURGENT,SEMIURGENT,True,True,260
Llama-3.2-3B,SLM,3B,uc6_test_024,sepsis_infection,easy,SEMIURGENT,44,SEMIURGENT,SEMIURGENT,True,True,266
Llama-3.2-3B,SLM,3B,uc6_test_025,sepsis_infection,medium,SEMIURGENT,42,URGENT,URGENT,True,False,1006
Llama-3.2-3B,SLM,3B,uc6_test_025,sepsis_infection,medium,SEMIURGENT,43,URGENT,URGENT,True,False,198
Llama-3.2-3B,SLM,3B,uc6_test_025,sepsis_infection,medium,SEMIURGENT,44,URGENT,URGENT,True,False,210
Llama-3.2-3B,SLM,3B,uc6_test_026,cardiac,easy,SEMIURGENT,42,SEMIURGENT,SEMIURGENT,True,True,1062
Llama-3.2-3B,SLM,3B,uc6_test_026,cardiac,easy,SEMIURGENT,43,SEMIURGENT,SEMIURGENT,True,True,252
Llama-3.2-3B,SLM,3B,uc6_test_026,cardiac,easy,SEMIURGENT,44,SEMIURGENT,SEMIURGENT,True,True,277
Llama-3.2-3B,SLM,3B,uc6_test_027,trauma,easy,NONURGENT,42,SEMIURGENT,SEMIURGENT,True,False,983
Llama-3.2-3B,SLM,3B,uc6_test_027,trauma,easy,NONURGENT,43,SEMIURGENT,SEMIURGENT,True,False,253
Llama-3.2-3B,SLM,3B,uc6_test_027,trauma,easy,NONURGENT,44,SEMIURGENT,SEMIURGENT,True,False,264
Llama-3.2-3B,SLM,3B,uc6_test_028,trauma,easy,NONURGENT,42,SEMIURGENT,SEMIURGENT,True,False,996
Llama-3.2-3B,SLM,3B,uc6_test_028,trauma,easy,NONURGENT,43,SEMIURGENT,SEMIURGENT,True,False,257
Llama-3.2-3B,SLM,3B,uc6_test_028,trauma,easy,NONURGENT,44,SEMIURGENT,SEMIURGENT,True,False,302
Llama-3.2-3B,SLM,3B,uc6_test_029,sepsis_infection,easy,NONURGENT,42,NONURGENT,NONURGENT,True,True,950
Llama-3.2-3B,SLM,3B,uc6_test_029,sepsis_infection,easy,NONURGENT,43,NONURGENT,NONURGENT,True,True,223
Llama-3.2-3B,SLM,3B,uc6_test_029,sepsis_infection,easy,NONURGENT,44,NONURGENT,NONURGENT,True,True,244
Llama-3.2-3B,SLM,3B,uc6_test_030,cardiac,easy,NONURGENT,42,SEMIURGENT,SEMIURGENT,True,False,1077
Llama-3.2-3B,SLM,3B,uc6_test_030,cardiac,easy,NONURGENT,43,SEMIURGENT,SEMIURGENT,True,False,253
Llama-3.2-3B,SLM,3B,uc6_test_030,cardiac,easy,NONURGENT,44,SEMIURGENT,SEMIURGENT,True,False,257
Phi4-Mini,SLM,3.8B,uc6_test_001,neurological,hard,CRITICAL,42,CRITICAL,CRITICAL,True,True,7955
Phi4-Mini,SLM,3.8B,uc6_test_001,neurological,hard,CRITICAL,43,CRITICAL,CRITICAL,True,True,220
Phi4-Mini,SLM,3.8B,uc6_test_001,neurological,hard,CRITICAL,44,CRITICAL,CRITICAL,True,True,218
Phi4-Mini,SLM,3.8B,uc6_test_002,sepsis_infection,medium,CRITICAL,42,CRITICAL,CRITICAL,True,True,1149
Phi4-Mini,SLM,3.8B,uc6_test_002,sepsis_infection,medium,CRITICAL,43,CRITICAL,CRITICAL,True,True,212
Phi4-Mini,SLM,3.8B,uc6_test_002,sepsis_infection,medium,CRITICAL,44,CRITICAL,CRITICAL,True,True,217
Phi4-Mini,SLM,3.8B,uc6_test_003,neurological,medium,CRITICAL,42,CRITICAL,CRITICAL,True,True,1135
Phi4-Mini,SLM,3.8B,uc6_test_003,neurological,medium,CRITICAL,43,CRITICAL,CRITICAL,True,True,211
Phi4-Mini,SLM,3.8B,uc6_test_003,neurological,medium,CRITICAL,44,CRITICAL,CRITICAL,True,True,221
Phi4-Mini,SLM,3.8B,uc6_test_004,neurological,easy,CRITICAL,42,CRITICAL,CRITICAL,True,True,1169
Phi4-Mini,SLM,3.8B,uc6_test_004,neurological,easy,CRITICAL,43,CRITICAL,CRITICAL,True,True,223
Phi4-Mini,SLM,3.8B,uc6_test_004,neurological,easy,CRITICAL,44,CRITICAL,CRITICAL,True,True,222
Phi4-Mini,SLM,3.8B,uc6_test_005,neurological,medium,URGENT,42,URGENT,URGENT,True,True,1147
Phi4-Mini,SLM,3.8B,uc6_test_005,neurological,medium,URGENT,43,URGENT,URGENT,True,True,214
Phi4-Mini,SLM,3.8B,uc6_test_005,neurological,medium,URGENT,44,URGENT,URGENT,True,True,220
Phi4-Mini,SLM,3.8B,uc6_test_006,trauma,easy,URGENT,42,CRITICAL,CRITICAL,True,False,1352
Phi4-Mini,SLM,3.8B,uc6_test_006,trauma,easy,URGENT,43,CRITICAL,CRITICAL,True,False,222
Phi4-Mini,SLM,3.8B,uc6_test_006,trauma,easy,URGENT,44,CRITICAL,CRITICAL,True,False,225
Phi4-Mini,SLM,3.8B,uc6_test_007,sepsis_infection,easy,URGENT,42,CRITICAL,CRITICAL,True,False,1250
Phi4-Mini,SLM,3.8B,uc6_test_007,sepsis_infection,easy,URGENT,43,CRITICAL,CRITICAL,True,False,224
Phi4-Mini,SLM,3.8B,uc6_test_007,sepsis_infection,easy,URGENT,44,CRITICAL,CRITICAL,True,False,228
Phi4-Mini,SLM,3.8B,uc6_test_008,respiratory,medium,URGENT,42,CRITICAL,CRITICAL,True,False,1310
Phi4-Mini,SLM,3.8B,uc6_test_008,respiratory,medium,URGENT,43,CRITICAL,CRITICAL,True,False,220
Phi4-Mini,SLM,3.8B,uc6_test_008,respiratory,medium,URGENT,44,CRITICAL,CRITICAL,True,False,212
Phi4-Mini,SLM,3.8B,uc6_test_009,trauma,medium,URGENT,42,URGENT,URGENT,True,True,1152
Phi4-Mini,SLM,3.8B,uc6_test_009,trauma,medium,URGENT,43,URGENT,URGENT,True,True,220
Phi4-Mini,SLM,3.8B,uc6_test_009,trauma,medium,URGENT,44,URGENT,URGENT,True,True,218
Phi4-Mini,SLM,3.8B,uc6_test_010,respiratory,medium,URGENT,42,URGENT,URGENT,True,True,1225
Phi4-Mini,SLM,3.8B,uc6_test_010,respiratory,medium,URGENT,43,URGENT,URGENT,True,True,223
Phi4-Mini,SLM,3.8B,uc6_test_010,respiratory,medium,URGENT,44,URGENT,URGENT,True,True,220
Phi4-Mini,SLM,3.8B,uc6_test_011,sepsis_infection,medium,URGENT,42,CRITICAL,CRITICAL,True,False,1358
Phi4-Mini,SLM,3.8B,uc6_test_011,sepsis_infection,medium,URGENT,43,CRITICAL,CRITICAL,True,False,211
Phi4-Mini,SLM,3.8B,uc6_test_011,sepsis_infection,medium,URGENT,44,CRITICAL,CRITICAL,True,False,225
Phi4-Mini,SLM,3.8B,uc6_test_012,sepsis_infection,hard,URGENT,42,URGENT,URGENT,True,True,1415
Phi4-Mini,SLM,3.8B,uc6_test_012,sepsis_infection,hard,URGENT,43,URGENT,URGENT,True,True,220
Phi4-Mini,SLM,3.8B,uc6_test_012,sepsis_infection,hard,URGENT,44,URGENT,URGENT,True,True,220
Phi4-Mini,SLM,3.8B,uc6_test_013,respiratory,hard,URGENT,42,URGENT,URGENT,True,True,1226
Phi4-Mini,SLM,3.8B,uc6_test_013,respiratory,hard,URGENT,43,URGENT,URGENT,True,True,254
Phi4-Mini,SLM,3.8B,uc6_test_013,respiratory,hard,URGENT,44,URGENT,URGENT,True,True,221
Phi4-Mini,SLM,3.8B,uc6_test_014,cardiac,medium,URGENT,42,URGENT,URGENT,True,True,1572
Phi4-Mini,SLM,3.8B,uc6_test_014,cardiac,medium,URGENT,43,URGENT,URGENT,True,True,255
Phi4-Mini,SLM,3.8B,uc6_test_014,cardiac,medium,URGENT,44,URGENT,URGENT,True,True,230
Phi4-Mini,SLM,3.8B,uc6_test_015,sepsis_infection,medium,URGENT,42,CRITICAL,CRITICAL,True,False,1249
Phi4-Mini,SLM,3.8B,uc6_test_015,sepsis_infection,medium,URGENT,43,CRITICAL,CRITICAL,True,False,210
Phi4-Mini,SLM,3.8B,uc6_test_015,sepsis_infection,medium,URGENT,44,CRITICAL,CRITICAL,True,False,217
Phi4-Mini,SLM,3.8B,uc6_test_016,neurological,easy,SEMIURGENT,42,URGENT,URGENT,True,False,1139
Phi4-Mini,SLM,3.8B,uc6_test_016,neurological,easy,SEMIURGENT,43,URGENT,URGENT,True,False,218
Phi4-Mini,SLM,3.8B,uc6_test_016,neurological,easy,SEMIURGENT,44,URGENT,URGENT,True,False,217
Phi4-Mini,SLM,3.8B,uc6_test_017,neurological,easy,SEMIURGENT,42,URGENT,URGENT,True,False,1122
Phi4-Mini,SLM,3.8B,uc6_test_017,neurological,easy,SEMIURGENT,43,URGENT,URGENT,True,False,211
Phi4-Mini,SLM,3.8B,uc6_test_017,neurological,easy,SEMIURGENT,44,URGENT,URGENT,True,False,219
Phi4-Mini,SLM,3.8B,uc6_test_018,respiratory,medium,SEMIURGENT,42,URGENT,URGENT,True,False,1366
Phi4-Mini,SLM,3.8B,uc6_test_018,respiratory,medium,SEMIURGENT,43,URGENT,URGENT,True,False,213
Phi4-Mini,SLM,3.8B,uc6_test_018,respiratory,medium,SEMIURGENT,44,URGENT,URGENT,True,False,219
Phi4-Mini,SLM,3.8B,uc6_test_019,cardiac,easy,SEMIURGENT,42,URGENT,URGENT,True,False,1140
Phi4-Mini,SLM,3.8B,uc6_test_019,cardiac,easy,SEMIURGENT,43,URGENT,URGENT,True,False,218
Phi4-Mini,SLM,3.8B,uc6_test_019,cardiac,easy,SEMIURGENT,44,URGENT,URGENT,True,False,221
Phi4-Mini,SLM,3.8B,uc6_test_020,trauma,easy,SEMIURGENT,42,URGENT,URGENT,True,False,1236
Phi4-Mini,SLM,3.8B,uc6_test_020,trauma,easy,SEMIURGENT,43,URGENT,URGENT,True,False,213
Phi4-Mini,SLM,3.8B,uc6_test_020,trauma,easy,SEMIURGENT,44,URGENT,URGENT,True,False,217
Phi4-Mini,SLM,3.8B,uc6_test_021,respiratory,easy,SEMIURGENT,42,URGENT,URGENT,True,False,1337
Phi4-Mini,SLM,3.8B,uc6_test_021,respiratory,easy,SEMIURGENT,43,URGENT,URGENT,True,False,212
Phi4-Mini,SLM,3.8B,uc6_test_021,respiratory,easy,SEMIURGENT,44,URGENT,URGENT,True,False,218
Phi4-Mini,SLM,3.8B,uc6_test_022,trauma,easy,SEMIURGENT,42,URGENT,URGENT,True,False,1149
Phi4-Mini,SLM,3.8B,uc6_test_022,trauma,easy,SEMIURGENT,43,URGENT,URGENT,True,False,218
Phi4-Mini,SLM,3.8B,uc6_test_022,trauma,easy,SEMIURGENT,44,URGENT,URGENT,True,False,213
Phi4-Mini,SLM,3.8B,uc6_test_023,respiratory,easy,SEMIURGENT,42,URGENT,URGENT,True,False,1236
Phi4-Mini,SLM,3.8B,uc6_test_023,respiratory,easy,SEMIURGENT,43,URGENT,URGENT,True,False,214
Phi4-Mini,SLM,3.8B,uc6_test_023,respiratory,easy,SEMIURGENT,44,URGENT,URGENT,True,False,218
Phi4-Mini,SLM,3.8B,uc6_test_024,sepsis_infection,easy,SEMIURGENT,42,URGENT,URGENT,True,False,1143
Phi4-Mini,SLM,3.8B,uc6_test_024,sepsis_infection,easy,SEMIURGENT,43,URGENT,URGENT,True,False,209
Phi4-Mini,SLM,3.8B,uc6_test_024,sepsis_infection,easy,SEMIURGENT,44,URGENT,URGENT,True,False,219
Phi4-Mini,SLM,3.8B,uc6_test_025,sepsis_infection,medium,SEMIURGENT,42,URGENT,URGENT,True,False,1342
Phi4-Mini,SLM,3.8B,uc6_test_025,sepsis_infection,medium,SEMIURGENT,43,URGENT,URGENT,True,False,214
Phi4-Mini,SLM,3.8B,uc6_test_025,sepsis_infection,medium,SEMIURGENT,44,URGENT,URGENT,True,False,214
Phi4-Mini,SLM,3.8B,uc6_test_026,cardiac,easy,SEMIURGENT,42,URGENT,URGENT,True,False,1250
Phi4-Mini,SLM,3.8B,uc6_test_026,cardiac,easy,SEMIURGENT,43,URGENT,URGENT,True,False,213
Phi4-Mini,SLM,3.8B,uc6_test_026,cardiac,easy,SEMIURGENT,44,URGENT,URGENT,True,False,219
Phi4-Mini,SLM,3.8B,uc6_test_027,trauma,easy,NONURGENT,42,URGENT,URGENT,True,False,1143
Phi4-Mini,SLM,3.8B,uc6_test_027,trauma,easy,NONURGENT,43,URGENT,URGENT,True,False,220
Phi4-Mini,SLM,3.8B,uc6_test_027,trauma,easy,NONURGENT,44,URGENT,URGENT,True,False,218
Phi4-Mini,SLM,3.8B,uc6_test_028,trauma,easy,NONURGENT,42,SEMIURGENT,SEMIURGENT,True,False,1181
Phi4-Mini,SLM,3.8B,uc6_test_028,trauma,easy,NONURGENT,43,SEMIURGENT,SEMIURGENT,True,False,289
Phi4-Mini,SLM,3.8B,uc6_test_028,trauma,easy,NONURGENT,44,SEMIURGENT,SEMIURGENT,True,False,290
Phi4-Mini,SLM,3.8B,uc6_test_029,sepsis_infection,easy,NONURGENT,42,NONURGENT,NONURGENT,True,True,1169
Phi4-Mini,SLM,3.8B,uc6_test_029,sepsis_infection,easy,NONURGENT,43,NONURGENT,NONURGENT,True,True,248
Phi4-Mini,SLM,3.8B,uc6_test_029,sepsis_infection,easy,NONURGENT,44,NONURGENT,NONURGENT,True,True,253
Phi4-Mini,SLM,3.8B,uc6_test_030,cardiac,easy,NONURGENT,42,URGENT,URGENT,True,False,1132
Phi4-Mini,SLM,3.8B,uc6_test_030,cardiac,easy,NONURGENT,43,URGENT,URGENT,True,False,209
Phi4-Mini,SLM,3.8B,uc6_test_030,cardiac,easy,NONURGENT,44,URGENT,URGENT,True,False,218
Gemma3-4B,SLM,4B,uc6_test_001,neurological,hard,CRITICAL,42,CRITICAL,CRITICAL,True,True,8333
Gemma3-4B,SLM,4B,uc6_test_001,neurological,hard,CRITICAL,43,CRITICAL,CRITICAL,True,True,328
Gemma3-4B,SLM,4B,uc6_test_001,neurological,hard,CRITICAL,44,CRITICAL,CRITICAL,True,True,318
Gemma3-4B,SLM,4B,uc6_test_002,sepsis_infection,medium,CRITICAL,42,CRITICAL,CRITICAL,True,True,516
Gemma3-4B,SLM,4B,uc6_test_002,sepsis_infection,medium,CRITICAL,43,CRITICAL,CRITICAL,True,True,310
Gemma3-4B,SLM,4B,uc6_test_002,sepsis_infection,medium,CRITICAL,44,CRITICAL,CRITICAL,True,True,305
Gemma3-4B,SLM,4B,uc6_test_003,neurological,medium,CRITICAL,42,CRITICAL,CRITICAL,True,True,527
Gemma3-4B,SLM,4B,uc6_test_003,neurological,medium,CRITICAL,43,CRITICAL,CRITICAL,True,True,312
Gemma3-4B,SLM,4B,uc6_test_003,neurological,medium,CRITICAL,44,CRITICAL,CRITICAL,True,True,298
Gemma3-4B,SLM,4B,uc6_test_004,neurological,easy,CRITICAL,42,CRITICAL,CRITICAL,True,True,518
Gemma3-4B,SLM,4B,uc6_test_004,neurological,easy,CRITICAL,43,CRITICAL,CRITICAL,True,True,294
Gemma3-4B,SLM,4B,uc6_test_004,neurological,easy,CRITICAL,44,CRITICAL,CRITICAL,True,True,293
Gemma3-4B,SLM,4B,uc6_test_005,neurological,medium,URGENT,42,CRITICAL,CRITICAL,True,False,514
Gemma3-4B,SLM,4B,uc6_test_005,neurological,medium,URGENT,43,CRITICAL,CRITICAL,True,False,326
Gemma3-4B,SLM,4B,uc6_test_005,neurological,medium,URGENT,44,CRITICAL,CRITICAL,True,False,301
Gemma3-4B,SLM,4B,uc6_test_006,trauma,easy,URGENT,42,CRITICAL,CRITICAL,True,False,520
Gemma3-4B,SLM,4B,uc6_test_006,trauma,easy,URGENT,43,CRITICAL,CRITICAL,True,False,307
Gemma3-4B,SLM,4B,uc6_test_006,trauma,easy,URGENT,44,CRITICAL,CRITICAL,True,False,307
Gemma3-4B,SLM,4B,uc6_test_007,sepsis_infection,easy,URGENT,42,CRITICAL,CRITICAL,True,False,539
Gemma3-4B,SLM,4B,uc6_test_007,sepsis_infection,easy,URGENT,43,CRITICAL,CRITICAL,True,False,297
Gemma3-4B,SLM,4B,uc6_test_007,sepsis_infection,easy,URGENT,44,CRITICAL,CRITICAL,True,False,297
Gemma3-4B,SLM,4B,uc6_test_008,respiratory,medium,URGENT,42,CRITICAL,CRITICAL,True,False,515
Gemma3-4B,SLM,4B,uc6_test_008,respiratory,medium,URGENT,43,CRITICAL,CRITICAL,True,False,294
Gemma3-4B,SLM,4B,uc6_test_008,respiratory,medium,URGENT,44,CRITICAL,CRITICAL,True,False,308
Gemma3-4B,SLM,4B,uc6_test_009,trauma,medium,URGENT,42,CRITICAL,CRITICAL,True,False,508
Gemma3-4B,SLM,4B,uc6_test_009,trauma,medium,URGENT,43,CRITICAL,CRITICAL,True,False,299
Gemma3-4B,SLM,4B,uc6_test_009,trauma,medium,URGENT,44,CRITICAL,CRITICAL,True,False,339
Gemma3-4B,SLM,4B,uc6_test_010,respiratory,medium,URGENT,42,CRITICAL,CRITICAL,True,False,518
Gemma3-4B,SLM,4B,uc6_test_010,respiratory,medium,URGENT,43,CRITICAL,CRITICAL,True,False,312
Gemma3-4B,SLM,4B,uc6_test_010,respiratory,medium,URGENT,44,CRITICAL,CRITICAL,True,False,299
Gemma3-4B,SLM,4B,uc6_test_011,sepsis_infection,medium,URGENT,42,CRITICAL,CRITICAL,True,False,519
Gemma3-4B,SLM,4B,uc6_test_011,sepsis_infection,medium,URGENT,43,CRITICAL,CRITICAL,True,False,297
Gemma3-4B,SLM,4B,uc6_test_011,sepsis_infection,medium,URGENT,44,CRITICAL,CRITICAL,True,False,295
Gemma3-4B,SLM,4B,uc6_test_012,sepsis_infection,hard,URGENT,42,CRITICAL,CRITICAL,True,False,524
Gemma3-4B,SLM,4B,uc6_test_012,sepsis_infection,hard,URGENT,43,CRITICAL,CRITICAL,True,False,294
Gemma3-4B,SLM,4B,uc6_test_012,sepsis_infection,hard,URGENT,44,CRITICAL,CRITICAL,True,False,297
Gemma3-4B,SLM,4B,uc6_test_013,respiratory,hard,URGENT,42,CRITICAL,CRITICAL,True,False,525
Gemma3-4B,SLM,4B,uc6_test_013,respiratory,hard,URGENT,43,CRITICAL,CRITICAL,True,False,293
Gemma3-4B,SLM,4B,uc6_test_013,respiratory,hard,URGENT,44,CRITICAL,CRITICAL,True,False,301
Gemma3-4B,SLM,4B,uc6_test_014,cardiac,medium,URGENT,42,CRITICAL,CRITICAL,True,False,515
Gemma3-4B,SLM,4B,uc6_test_014,cardiac,medium,URGENT,43,CRITICAL,CRITICAL,True,False,295
Gemma3-4B,SLM,4B,uc6_test_014,cardiac,medium,URGENT,44,CRITICAL,CRITICAL,True,False,298
Gemma3-4B,SLM,4B,uc6_test_015,sepsis_infection,medium,URGENT,42,CRITICAL,CRITICAL,True,False,523
Gemma3-4B,SLM,4B,uc6_test_015,sepsis_infection,medium,URGENT,43,CRITICAL,CRITICAL,True,False,294
Gemma3-4B,SLM,4B,uc6_test_015,sepsis_infection,medium,URGENT,44,CRITICAL,CRITICAL,True,False,298
Gemma3-4B,SLM,4B,uc6_test_016,neurological,easy,SEMIURGENT,42,URGENT,URGENT,True,False,532
Gemma3-4B,SLM,4B,uc6_test_016,neurological,easy,SEMIURGENT,43,URGENT,URGENT,True,False,319
Gemma3-4B,SLM,4B,uc6_test_016,neurological,easy,SEMIURGENT,44,URGENT,URGENT,True,False,332
Gemma3-4B,SLM,4B,uc6_test_017,neurological,easy,SEMIURGENT,42,SEMIURGENT,SEMIURGENT,True,True,589
Gemma3-4B,SLM,4B,uc6_test_017,neurological,easy,SEMIURGENT,43,SEMIURGENT,SEMIURGENT,True,True,387
Gemma3-4B,SLM,4B,uc6_test_017,neurological,easy,SEMIURGENT,44,SEMIURGENT,SEMIURGENT,True,True,373
Gemma3-4B,SLM,4B,uc6_test_018,respiratory,medium,SEMIURGENT,42,CRITICAL,CRITICAL,True,False,593
Gemma3-4B,SLM,4B,uc6_test_018,respiratory,medium,SEMIURGENT,43,CRITICAL,CRITICAL,True,False,297
Gemma3-4B,SLM,4B,uc6_test_018,respiratory,medium,SEMIURGENT,44,CRITICAL,CRITICAL,True,False,295
Gemma3-4B,SLM,4B,uc6_test_019,cardiac,easy,SEMIURGENT,42,SEMIURGENT,SEMIURGENT,True,True,585
Gemma3-4B,SLM,4B,uc6_test_019,cardiac,easy,SEMIURGENT,43,SEMIURGENT,SEMIURGENT,True,True,366
Gemma3-4B,SLM,4B,uc6_test_019,cardiac,easy,SEMIURGENT,44,SEMIURGENT,SEMIURGENT,True,True,372
Gemma3-4B,SLM,4B,uc6_test_020,trauma,easy,SEMIURGENT,42,URGENT,URGENT,True,False,531
Gemma3-4B,SLM,4B,uc6_test_020,trauma,easy,SEMIURGENT,43,URGENT,URGENT,True,False,321
Gemma3-4B,SLM,4B,uc6_test_020,trauma,easy,SEMIURGENT,44,URGENT,URGENT,True,False,336
Gemma3-4B,SLM,4B,uc6_test_021,respiratory,easy,SEMIURGENT,42,CRITICAL,CRITICAL,True,False,520
Gemma3-4B,SLM,4B,uc6_test_021,respiratory,easy,SEMIURGENT,43,CRITICAL,CRITICAL,True,False,302
Gemma3-4B,SLM,4B,uc6_test_021,respiratory,easy,SEMIURGENT,44,CRITICAL,CRITICAL,True,False,308
Gemma3-4B,SLM,4B,uc6_test_022,trauma,easy,SEMIURGENT,42,URGENT,URGENT,True,False,552
Gemma3-4B,SLM,4B,uc6_test_022,trauma,easy,SEMIURGENT,43,URGENT,URGENT,True,False,332
Gemma3-4B,SLM,4B,uc6_test_022,trauma,easy,SEMIURGENT,44,URGENT,URGENT,True,False,336
Gemma3-4B,SLM,4B,uc6_test_023,respiratory,easy,SEMIURGENT,42,URGENT,URGENT,True,False,538
Gemma3-4B,SLM,4B,uc6_test_023,respiratory,easy,SEMIURGENT,43,URGENT,URGENT,True,False,319
Gemma3-4B,SLM,4B,uc6_test_023,respiratory,easy,SEMIURGENT,44,URGENT,URGENT,True,False,324
Gemma3-4B,SLM,4B,uc6_test_024,sepsis_infection,easy,SEMIURGENT,42,URGENT,URGENT,True,False,646
Gemma3-4B,SLM,4B,uc6_test_024,sepsis_infection,easy,SEMIURGENT,43,URGENT,URGENT,True,False,317
Gemma3-4B,SLM,4B,uc6_test_024,sepsis_infection,easy,SEMIURGENT,44,URGENT,URGENT,True,False,328
Gemma3-4B,SLM,4B,uc6_test_025,sepsis_infection,medium,SEMIURGENT,42,CRITICAL,CRITICAL,True,False,524
Gemma3-4B,SLM,4B,uc6_test_025,sepsis_infection,medium,SEMIURGENT,43,CRITICAL,CRITICAL,True,False,296
Gemma3-4B,SLM,4B,uc6_test_025,sepsis_infection,medium,SEMIURGENT,44,CRITICAL,CRITICAL,True,False,310
Gemma3-4B,SLM,4B,uc6_test_026,cardiac,easy,SEMIURGENT,42,SEMIURGENT,SEMIURGENT,True,True,562
Gemma3-4B,SLM,4B,uc6_test_026,cardiac,easy,SEMIURGENT,43,SEMIURGENT,SEMIURGENT,True,True,376
Gemma3-4B,SLM,4B,uc6_test_026,cardiac,easy,SEMIURGENT,44,SEMIURGENT,SEMIURGENT,True,True,352
Gemma3-4B,SLM,4B,uc6_test_027,trauma,easy,NONURGENT,42,SEMIURGENT,SEMIURGENT,True,False,554
Gemma3-4B,SLM,4B,uc6_test_027,trauma,easy,NONURGENT,43,SEMIURGENT,SEMIURGENT,True,False,344
Gemma3-4B,SLM,4B,uc6_test_027,trauma,easy,NONURGENT,44,SEMIURGENT,SEMIURGENT,True,False,345
Gemma3-4B,SLM,4B,uc6_test_028,trauma,easy,NONURGENT,42,NONURGENT,NONURGENT,True,True,534
Gemma3-4B,SLM,4B,uc6_test_028,trauma,easy,NONURGENT,43,NONURGENT,NONURGENT,True,True,316
Gemma3-4B,SLM,4B,uc6_test_028,trauma,easy,NONURGENT,44,NONURGENT,NONURGENT,True,True,320
Gemma3-4B,SLM,4B,uc6_test_029,sepsis_infection,easy,NONURGENT,42,NONURGENT,NONURGENT,True,True,537
Gemma3-4B,SLM,4B,uc6_test_029,sepsis_infection,easy,NONURGENT,43,NONURGENT,NONURGENT,True,True,318
Gemma3-4B,SLM,4B,uc6_test_029,sepsis_infection,easy,NONURGENT,44,NONURGENT,NONURGENT,True,True,327
Gemma3-4B,SLM,4B,uc6_test_030,cardiac,easy,NONURGENT,42,SEMIURGENT,SEMIURGENT,True,False,611
Gemma3-4B,SLM,4B,uc6_test_030,cardiac,easy,NONURGENT,43,SEMIURGENT,SEMIURGENT,True,False,367
Gemma3-4B,SLM,4B,uc6_test_030,cardiac,easy,NONURGENT,44,SEMIURGENT,SEMIURGENT,True,False,373
Qwen2.5-7B,SLM,7B,uc6_test_001,neurological,hard,CRITICAL,42,CRITICAL,CRITICAL,True,True,5498
Qwen2.5-7B,SLM,7B,uc6_test_001,neurological,hard,CRITICAL,43,CRITICAL,CRITICAL,True,True,180
Qwen2.5-7B,SLM,7B,uc6_test_001,neurological,hard,CRITICAL,44,CRITICAL,CRITICAL,True,True,176
Qwen2.5-7B,SLM,7B,uc6_test_002,sepsis_infection,medium,CRITICAL,42,CRITICAL,CRITICAL,True,True,623
Qwen2.5-7B,SLM,7B,uc6_test_002,sepsis_infection,medium,CRITICAL,43,CRITICAL,CRITICAL,True,True,176
Qwen2.5-7B,SLM,7B,uc6_test_002,sepsis_infection,medium,CRITICAL,44,CRITICAL,CRITICAL,True,True,178
Qwen2.5-7B,SLM,7B,uc6_test_003,neurological,medium,CRITICAL,42,CRITICAL,CRITICAL,True,True,629
Qwen2.5-7B,SLM,7B,uc6_test_003,neurological,medium,CRITICAL,43,CRITICAL,CRITICAL,True,True,180
Qwen2.5-7B,SLM,7B,uc6_test_003,neurological,medium,CRITICAL,44,CRITICAL,CRITICAL,True,True,177
Qwen2.5-7B,SLM,7B,uc6_test_004,neurological,easy,CRITICAL,42,CRITICAL,CRITICAL,True,True,608
Qwen2.5-7B,SLM,7B,uc6_test_004,neurological,easy,CRITICAL,43,CRITICAL,CRITICAL,True,True,177
Qwen2.5-7B,SLM,7B,uc6_test_004,neurological,easy,CRITICAL,44,CRITICAL,CRITICAL,True,True,177
Qwen2.5-7B,SLM,7B,uc6_test_005,neurological,medium,URGENT,42,URGENT,URGENT,True,True,641
Qwen2.5-7B,SLM,7B,uc6_test_005,neurological,medium,URGENT,43,URGENT,URGENT,True,True,209
Qwen2.5-7B,SLM,7B,uc6_test_005,neurological,medium,URGENT,44,URGENT,URGENT,True,True,209
Qwen2.5-7B,SLM,7B,uc6_test_006,trauma,easy,URGENT,42,CRITICAL,CRITICAL,True,False,622
Qwen2.5-7B,SLM,7B,uc6_test_006,trauma,easy,URGENT,43,CRITICAL,CRITICAL,True,False,177
Qwen2.5-7B,SLM,7B,uc6_test_006,trauma,easy,URGENT,44,CRITICAL,CRITICAL,True,False,177
Qwen2.5-7B,SLM,7B,uc6_test_007,sepsis_infection,easy,URGENT,42,URGENT,URGENT,True,True,655
Qwen2.5-7B,SLM,7B,uc6_test_007,sepsis_infection,easy,URGENT,43,URGENT,URGENT,True,True,208
Qwen2.5-7B,SLM,7B,uc6_test_007,sepsis_infection,easy,URGENT,44,URGENT,URGENT,True,True,209
Qwen2.5-7B,SLM,7B,uc6_test_008,respiratory,medium,URGENT,42,CRITICAL,CRITICAL,True,False,627
Qwen2.5-7B,SLM,7B,uc6_test_008,respiratory,medium,URGENT,43,CRITICAL,CRITICAL,True,False,177
Qwen2.5-7B,SLM,7B,uc6_test_008,respiratory,medium,URGENT,44,CRITICAL,CRITICAL,True,False,179
Qwen2.5-7B,SLM,7B,uc6_test_009,trauma,medium,URGENT,42,URGENT,URGENT,True,True,651
Qwen2.5-7B,SLM,7B,uc6_test_009,trauma,medium,URGENT,43,URGENT,URGENT,True,True,207
Qwen2.5-7B,SLM,7B,uc6_test_009,trauma,medium,URGENT,44,URGENT,URGENT,True,True,208
Qwen2.5-7B,SLM,7B,uc6_test_010,respiratory,medium,URGENT,42,URGENT,URGENT,True,True,658
Qwen2.5-7B,SLM,7B,uc6_test_010,respiratory,medium,URGENT,43,URGENT,URGENT,True,True,209
Qwen2.5-7B,SLM,7B,uc6_test_010,respiratory,medium,URGENT,44,URGENT,URGENT,True,True,209
Qwen2.5-7B,SLM,7B,uc6_test_011,sepsis_infection,medium,URGENT,42,CRITICAL,CRITICAL,True,False,644
Qwen2.5-7B,SLM,7B,uc6_test_011,sepsis_infection,medium,URGENT,43,CRITICAL,CRITICAL,True,False,178
Qwen2.5-7B,SLM,7B,uc6_test_011,sepsis_infection,medium,URGENT,44,CRITICAL,CRITICAL,True,False,177
Qwen2.5-7B,SLM,7B,uc6_test_012,sepsis_infection,hard,URGENT,42,URGENT,URGENT,True,True,666
Qwen2.5-7B,SLM,7B,uc6_test_012,sepsis_infection,hard,URGENT,43,URGENT,URGENT,True,True,210
Qwen2.5-7B,SLM,7B,uc6_test_012,sepsis_infection,hard,URGENT,44,URGENT,URGENT,True,True,209
Qwen2.5-7B,SLM,7B,uc6_test_013,respiratory,hard,URGENT,42,URGENT,URGENT,True,True,662
Qwen2.5-7B,SLM,7B,uc6_test_013,respiratory,hard,URGENT,43,URGENT,URGENT,True,True,206
Qwen2.5-7B,SLM,7B,uc6_test_013,respiratory,hard,URGENT,44,URGENT,URGENT,True,True,206
Qwen2.5-7B,SLM,7B,uc6_test_014,cardiac,medium,URGENT,42,CRITICAL,CRITICAL,True,False,625
Qwen2.5-7B,SLM,7B,uc6_test_014,cardiac,medium,URGENT,43,CRITICAL,CRITICAL,True,False,175
Qwen2.5-7B,SLM,7B,uc6_test_014,cardiac,medium,URGENT,44,CRITICAL,CRITICAL,True,False,175
Qwen2.5-7B,SLM,7B,uc6_test_015,sepsis_infection,medium,URGENT,42,URGENT,URGENT,True,True,660
Qwen2.5-7B,SLM,7B,uc6_test_015,sepsis_infection,medium,URGENT,43,URGENT,URGENT,True,True,209
Qwen2.5-7B,SLM,7B,uc6_test_015,sepsis_infection,medium,URGENT,44,URGENT,URGENT,True,True,207
Qwen2.5-7B,SLM,7B,uc6_test_016,neurological,easy,SEMIURGENT,42,NONURGENT,NONURGENT,True,False,691
Qwen2.5-7B,SLM,7B,uc6_test_016,neurological,easy,SEMIURGENT,43,NONURGENT,NONURGENT,True,False,241
Qwen2.5-7B,SLM,7B,uc6_test_016,neurological,easy,SEMIURGENT,44,NONURGENT,NONURGENT,True,False,241
Qwen2.5-7B,SLM,7B,uc6_test_017,neurological,easy,SEMIURGENT,42,NONURGENT,NONURGENT,True,False,685
Qwen2.5-7B,SLM,7B,uc6_test_017,neurological,easy,SEMIURGENT,43,NONURGENT,NONURGENT,True,False,258
Qwen2.5-7B,SLM,7B,uc6_test_017,neurological,easy,SEMIURGENT,44,NONURGENT,NONURGENT,True,False,243
Qwen2.5-7B,SLM,7B,uc6_test_018,respiratory,medium,SEMIURGENT,42,URGENT,URGENT,True,False,683
Qwen2.5-7B,SLM,7B,uc6_test_018,respiratory,medium,SEMIURGENT,43,URGENT,URGENT,True,False,213
Qwen2.5-7B,SLM,7B,uc6_test_018,respiratory,medium,SEMIURGENT,44,URGENT,URGENT,True,False,208
Qwen2.5-7B,SLM,7B,uc6_test_019,cardiac,easy,SEMIURGENT,42,SEMIURGENT,SEMIURGENT,True,True,746
Qwen2.5-7B,SLM,7B,uc6_test_019,cardiac,easy,SEMIURGENT,43,SEMIURGENT,SEMIURGENT,True,True,278
Qwen2.5-7B,SLM,7B,uc6_test_019,cardiac,easy,SEMIURGENT,44,SEMIURGENT,SEMIURGENT,True,True,272
Qwen2.5-7B,SLM,7B,uc6_test_020,trauma,easy,SEMIURGENT,42,NONURGENT,NONURGENT,True,False,741
Qwen2.5-7B,SLM,7B,uc6_test_020,trauma,easy,SEMIURGENT,43,NONURGENT,NONURGENT,True,False,250
Qwen2.5-7B,SLM,7B,uc6_test_020,trauma,easy,SEMIURGENT,44,NONURGENT,NONURGENT,True,False,244
Qwen2.5-7B,SLM,7B,uc6_test_021,respiratory,easy,SEMIURGENT,42,URGENT,URGENT,True,False,683
Qwen2.5-7B,SLM,7B,uc6_test_021,respiratory,easy,SEMIURGENT,43,URGENT,URGENT,True,False,210
Qwen2.5-7B,SLM,7B,uc6_test_021,respiratory,easy,SEMIURGENT,44,URGENT,URGENT,True,False,209
Qwen2.5-7B,SLM,7B,uc6_test_022,trauma,easy,SEMIURGENT,42,SEMIURGENT,SEMIURGENT,True,True,726
Qwen2.5-7B,SLM,7B,uc6_test_022,trauma,easy,SEMIURGENT,43,SEMIURGENT,SEMIURGENT,True,True,279
Qwen2.5-7B,SLM,7B,uc6_test_022,trauma,easy,SEMIURGENT,44,SEMIURGENT,SEMIURGENT,True,True,277
Qwen2.5-7B,SLM,7B,uc6_test_023,respiratory,easy,SEMIURGENT,42,SEMIURGENT,SEMIURGENT,True,True,773
Qwen2.5-7B,SLM,7B,uc6_test_023,respiratory,easy,SEMIURGENT,43,SEMIURGENT,SEMIURGENT,True,True,283
Qwen2.5-7B,SLM,7B,uc6_test_023,respiratory,easy,SEMIURGENT,44,SEMIURGENT,SEMIURGENT,True,True,281
Qwen2.5-7B,SLM,7B,uc6_test_024,sepsis_infection,easy,SEMIURGENT,42,NONURGENT,NONURGENT,True,False,749
Qwen2.5-7B,SLM,7B,uc6_test_024,sepsis_infection,easy,SEMIURGENT,43,NONURGENT,NONURGENT,True,False,275
Qwen2.5-7B,SLM,7B,uc6_test_024,sepsis_infection,easy,SEMIURGENT,44,NONURGENT,NONURGENT,True,False,264
Qwen2.5-7B,SLM,7B,uc6_test_025,sepsis_infection,medium,SEMIURGENT,42,URGENT,URGENT,True,False,732
Qwen2.5-7B,SLM,7B,uc6_test_025,sepsis_infection,medium,SEMIURGENT,43,URGENT,URGENT,True,False,219
Qwen2.5-7B,SLM,7B,uc6_test_025,sepsis_infection,medium,SEMIURGENT,44,URGENT,URGENT,True,False,215
Qwen2.5-7B,SLM,7B,uc6_test_026,cardiac,easy,SEMIURGENT,42,SEMIURGENT,SEMIURGENT,True,True,750
Qwen2.5-7B,SLM,7B,uc6_test_026,cardiac,easy,SEMIURGENT,43,SEMIURGENT,SEMIURGENT,True,True,304
Qwen2.5-7B,SLM,7B,uc6_test_026,cardiac,easy,SEMIURGENT,44,SEMIURGENT,SEMIURGENT,True,True,303
Qwen2.5-7B,SLM,7B,uc6_test_027,trauma,easy,NONURGENT,42,NONURGENT,NONURGENT,True,True,769
Qwen2.5-7B,SLM,7B,uc6_test_027,trauma,easy,NONURGENT,43,NONURGENT,NONURGENT,True,True,256
Qwen2.5-7B,SLM,7B,uc6_test_027,trauma,easy,NONURGENT,44,NONURGENT,NONURGENT,True,True,246
Qwen2.5-7B,SLM,7B,uc6_test_028,trauma,easy,NONURGENT,42,NONURGENT,NONURGENT,True,True,620
Qwen2.5-7B,SLM,7B,uc6_test_028,trauma,easy,NONURGENT,43,NONURGENT,NONURGENT,True,True,241
Qwen2.5-7B,SLM,7B,uc6_test_028,trauma,easy,NONURGENT,44,NONURGENT,NONURGENT,True,True,243
Qwen2.5-7B,SLM,7B,uc6_test_029,sepsis_infection,easy,NONURGENT,42,NONURGENT,NONURGENT,True,True,727
Qwen2.5-7B,SLM,7B,uc6_test_029,sepsis_infection,easy,NONURGENT,43,NONURGENT,NONURGENT,True,True,248
Qwen2.5-7B,SLM,7B,uc6_test_029,sepsis_infection,easy,NONURGENT,44,NONURGENT,NONURGENT,True,True,247
Qwen2.5-7B,SLM,7B,uc6_test_030,cardiac,easy,NONURGENT,42,NONURGENT,NONURGENT,True,True,776
Qwen2.5-7B,SLM,7B,uc6_test_030,cardiac,easy,NONURGENT,43,NONURGENT,NONURGENT,True,True,243
Qwen2.5-7B,SLM,7B,uc6_test_030,cardiac,easy,NONURGENT,44,NONURGENT,NONURGENT,True,True,239
Mistral-7B,SLM,7B,uc6_test_001,neurological,hard,CRITICAL,42,CRITICAL,CRITICAL,True,True,7031
Mistral-7B,SLM,7B,uc6_test_001,neurological,hard,CRITICAL,43,CRITICAL,CRITICAL,True,True,176
Mistral-7B,SLM,7B,uc6_test_001,neurological,hard,CRITICAL,44,CRITICAL,CRITICAL,True,True,144
Mistral-7B,SLM,7B,uc6_test_002,sepsis_infection,medium,CRITICAL,42,CRITICAL,CRITICAL,True,True,684
Mistral-7B,SLM,7B,uc6_test_002,sepsis_infection,medium,CRITICAL,43,CRITICAL,CRITICAL,True,True,160
Mistral-7B,SLM,7B,uc6_test_002,sepsis_infection,medium,CRITICAL,44,CRITICAL,CRITICAL,True,True,164
Mistral-7B,SLM,7B,uc6_test_003,neurological,medium,CRITICAL,42,CRITICAL,CRITICAL,True,True,770
Mistral-7B,SLM,7B,uc6_test_003,neurological,medium,CRITICAL,43,CRITICAL,CRITICAL,True,True,150
Mistral-7B,SLM,7B,uc6_test_003,neurological,medium,CRITICAL,44,CRITICAL,CRITICAL,True,True,159
Mistral-7B,SLM,7B,uc6_test_004,neurological,easy,CRITICAL,42,CRITICAL,CRITICAL,True,True,700
Mistral-7B,SLM,7B,uc6_test_004,neurological,easy,CRITICAL,43,CRITICAL,CRITICAL,True,True,149
Mistral-7B,SLM,7B,uc6_test_004,neurological,easy,CRITICAL,44,CRITICAL,CRITICAL,True,True,153
Mistral-7B,SLM,7B,uc6_test_005,neurological,medium,URGENT,42,CRITICAL,CRITICAL,True,False,766
Mistral-7B,SLM,7B,uc6_test_005,neurological,medium,URGENT,43,CRITICAL,CRITICAL,True,False,212
Mistral-7B,SLM,7B,uc6_test_005,neurological,medium,URGENT,44,CRITICAL,CRITICAL,True,False,173
Mistral-7B,SLM,7B,uc6_test_006,trauma,easy,URGENT,42,CRITICAL,CRITICAL,True,False,785
Mistral-7B,SLM,7B,uc6_test_006,trauma,easy,URGENT,43,CRITICAL,CRITICAL,True,False,143
Mistral-7B,SLM,7B,uc6_test_006,trauma,easy,URGENT,44,CRITICAL,CRITICAL,True,False,142
Mistral-7B,SLM,7B,uc6_test_007,sepsis_infection,easy,URGENT,42,CRITICAL,CRITICAL,True,False,863
Mistral-7B,SLM,7B,uc6_test_007,sepsis_infection,easy,URGENT,43,CRITICAL,CRITICAL,True,False,172
Mistral-7B,SLM,7B,uc6_test_007,sepsis_infection,easy,URGENT,44,CRITICAL,CRITICAL,True,False,165
Mistral-7B,SLM,7B,uc6_test_008,respiratory,medium,URGENT,42,CRITICAL,CRITICAL,True,False,682
Mistral-7B,SLM,7B,uc6_test_008,respiratory,medium,URGENT,43,CRITICAL,CRITICAL,True,False,153
Mistral-7B,SLM,7B,uc6_test_008,respiratory,medium,URGENT,44,CRITICAL,CRITICAL,True,False,155
Mistral-7B,SLM,7B,uc6_test_009,trauma,medium,URGENT,42,CRITICAL,CRITICAL,True,False,690
Mistral-7B,SLM,7B,uc6_test_009,trauma,medium,URGENT,43,CRITICAL,CRITICAL,True,False,150
Mistral-7B,SLM,7B,uc6_test_009,trauma,medium,URGENT,44,CRITICAL,CRITICAL,True,False,159
Mistral-7B,SLM,7B,uc6_test_010,respiratory,medium,URGENT,42,CRITICAL,CRITICAL,True,False,689
Mistral-7B,SLM,7B,uc6_test_010,respiratory,medium,URGENT,43,CRITICAL,CRITICAL,True,False,155
Mistral-7B,SLM,7B,uc6_test_010,respiratory,medium,URGENT,44,CRITICAL,CRITICAL,True,False,161
Mistral-7B,SLM,7B,uc6_test_011,sepsis_infection,medium,URGENT,42,CRITICAL,CRITICAL,True,False,856
Mistral-7B,SLM,7B,uc6_test_011,sepsis_infection,medium,URGENT,43,CRITICAL,CRITICAL,True,False,162
Mistral-7B,SLM,7B,uc6_test_011,sepsis_infection,medium,URGENT,44,CRITICAL,CRITICAL,True,False,158
Mistral-7B,SLM,7B,uc6_test_012,sepsis_infection,hard,URGENT,42,CRITICAL,CRITICAL,True,False,843
Mistral-7B,SLM,7B,uc6_test_012,sepsis_infection,hard,URGENT,43,CRITICAL,CRITICAL,True,False,154
Mistral-7B,SLM,7B,uc6_test_012,sepsis_infection,hard,URGENT,44,CRITICAL,CRITICAL,True,False,154
Mistral-7B,SLM,7B,uc6_test_013,respiratory,hard,URGENT,42,CRITICAL,CRITICAL,True,False,686
Mistral-7B,SLM,7B,uc6_test_013,respiratory,hard,URGENT,43,CRITICAL,CRITICAL,True,False,156
Mistral-7B,SLM,7B,uc6_test_013,respiratory,hard,URGENT,44,CRITICAL,CRITICAL,True,False,154
Mistral-7B,SLM,7B,uc6_test_014,cardiac,medium,URGENT,42,CRITICAL,CRITICAL,True,False,694
Mistral-7B,SLM,7B,uc6_test_014,cardiac,medium,URGENT,43,CRITICAL,CRITICAL,True,False,154
Mistral-7B,SLM,7B,uc6_test_014,cardiac,medium,URGENT,44,CRITICAL,CRITICAL,True,False,159
Mistral-7B,SLM,7B,uc6_test_015,sepsis_infection,medium,URGENT,42,CRITICAL,CRITICAL,True,False,850
Mistral-7B,SLM,7B,uc6_test_015,sepsis_infection,medium,URGENT,43,CRITICAL,CRITICAL,True,False,150
Mistral-7B,SLM,7B,uc6_test_015,sepsis_infection,medium,URGENT,44,CRITICAL,CRITICAL,True,False,150
Mistral-7B,SLM,7B,uc6_test_016,neurological,easy,SEMIURGENT,42,SEMIURGENT,SEMIURGENT,True,True,765
Mistral-7B,SLM,7B,uc6_test_016,neurological,easy,SEMIURGENT,43,SEMIURGENT,SEMIURGENT,True,True,220
Mistral-7B,SLM,7B,uc6_test_016,neurological,easy,SEMIURGENT,44,SEMIURGENT,SEMIURGENT,True,True,231
Mistral-7B,SLM,7B,uc6_test_017,neurological,easy,SEMIURGENT,42,SEMIURGENT,SEMIURGENT,True,True,791
Mistral-7B,SLM,7B,uc6_test_017,neurological,easy,SEMIURGENT,43,SEMIURGENT,SEMIURGENT,True,True,230
Mistral-7B,SLM,7B,uc6_test_017,neurological,easy,SEMIURGENT,44,SEMIURGENT,SEMIURGENT,True,True,220
Mistral-7B,SLM,7B,uc6_test_018,respiratory,medium,SEMIURGENT,42,CRITICAL,CRITICAL,True,False,836
Mistral-7B,SLM,7B,uc6_test_018,respiratory,medium,SEMIURGENT,43,CRITICAL,CRITICAL,True,False,153
Mistral-7B,SLM,7B,uc6_test_018,respiratory,medium,SEMIURGENT,44,CRITICAL,CRITICAL,True,False,153
Mistral-7B,SLM,7B,uc6_test_019,cardiac,easy,SEMIURGENT,42,SEMIURGENT,SEMIURGENT,True,True,750
Mistral-7B,SLM,7B,uc6_test_019,cardiac,easy,SEMIURGENT,43,SEMIURGENT,SEMIURGENT,True,True,225
Mistral-7B,SLM,7B,uc6_test_019,cardiac,easy,SEMIURGENT,44,SEMIURGENT,SEMIURGENT,True,True,227
Mistral-7B,SLM,7B,uc6_test_020,trauma,easy,SEMIURGENT,42,CRITICAL,CRITICAL,True,False,706
Mistral-7B,SLM,7B,uc6_test_020,trauma,easy,SEMIURGENT,43,CRITICAL,CRITICAL,True,False,154
Mistral-7B,SLM,7B,uc6_test_020,trauma,easy,SEMIURGENT,44,CRITICAL,CRITICAL,True,False,153
Mistral-7B,SLM,7B,uc6_test_021,respiratory,easy,SEMIURGENT,42,CRITICAL,CRITICAL,True,False,845
Mistral-7B,SLM,7B,uc6_test_021,respiratory,easy,SEMIURGENT,43,CRITICAL,CRITICAL,True,False,146
Mistral-7B,SLM,7B,uc6_test_021,respiratory,easy,SEMIURGENT,44,CRITICAL,CRITICAL,True,False,141
Mistral-7B,SLM,7B,uc6_test_022,trauma,easy,SEMIURGENT,42,CRITICAL,CRITICAL,True,False,678
Mistral-7B,SLM,7B,uc6_test_022,trauma,easy,SEMIURGENT,43,CRITICAL,CRITICAL,True,False,147
Mistral-7B,SLM,7B,uc6_test_022,trauma,easy,SEMIURGENT,44,CRITICAL,CRITICAL,True,False,145
Mistral-7B,SLM,7B,uc6_test_023,respiratory,easy,SEMIURGENT,42,CRITICAL,CRITICAL,True,False,766
Mistral-7B,SLM,7B,uc6_test_023,respiratory,easy,SEMIURGENT,43,CRITICAL,CRITICAL,True,False,157
Mistral-7B,SLM,7B,uc6_test_023,respiratory,easy,SEMIURGENT,44,CRITICAL,CRITICAL,True,False,164
Mistral-7B,SLM,7B,uc6_test_024,sepsis_infection,easy,SEMIURGENT,42,CRITICAL,CRITICAL,True,False,765
Mistral-7B,SLM,7B,uc6_test_024,sepsis_infection,easy,SEMIURGENT,43,CRITICAL,CRITICAL,True,False,153
Mistral-7B,SLM,7B,uc6_test_024,sepsis_infection,easy,SEMIURGENT,44,CRITICAL,CRITICAL,True,False,149
Mistral-7B,SLM,7B,uc6_test_025,sepsis_infection,medium,SEMIURGENT,42,CRITICAL,CRITICAL,True,False,655
Mistral-7B,SLM,7B,uc6_test_025,sepsis_infection,medium,SEMIURGENT,43,CRITICAL,CRITICAL,True,False,152
Mistral-7B,SLM,7B,uc6_test_025,sepsis_infection,medium,SEMIURGENT,44,CRITICAL,CRITICAL,True,False,153
Mistral-7B,SLM,7B,uc6_test_026,cardiac,easy,SEMIURGENT,42,CRITICAL,CRITICAL,True,False,777
Mistral-7B,SLM,7B,uc6_test_026,cardiac,easy,SEMIURGENT,43,CRITICAL,CRITICAL,True,False,165
Mistral-7B,SLM,7B,uc6_test_026,cardiac,easy,SEMIURGENT,44,CRITICAL,CRITICAL,True,False,152
Mistral-7B,SLM,7B,uc6_test_027,trauma,easy,NONURGENT,42,SEMIURGENT,SEMIURGENT,True,False,725
Mistral-7B,SLM,7B,uc6_test_027,trauma,easy,NONURGENT,43,SEMIURGENT,SEMIURGENT,True,False,228
Mistral-7B,SLM,7B,uc6_test_027,trauma,easy,NONURGENT,44,SEMIURGENT,SEMIURGENT,True,False,235
Mistral-7B,SLM,7B,uc6_test_028,trauma,easy,NONURGENT,42,SEMIURGENT,SEMIURGENT,True,False,806
Mistral-7B,SLM,7B,uc6_test_028,trauma,easy,NONURGENT,43,SEMIURGENT,SEMIURGENT,True,False,220
Mistral-7B,SLM,7B,uc6_test_028,trauma,easy,NONURGENT,44,SEMIURGENT,SEMIURGENT,True,False,230
Mistral-7B,SLM,7B,uc6_test_029,sepsis_infection,easy,NONURGENT,42,SEMIURGENT,SEMIURGENT,True,False,795
Mistral-7B,SLM,7B,uc6_test_029,sepsis_infection,easy,NONURGENT,43,SEMIURGENT,SEMIURGENT,True,False,219
Mistral-7B,SLM,7B,uc6_test_029,sepsis_infection,easy,NONURGENT,44,SEMIURGENT,SEMIURGENT,True,False,220
Mistral-7B,SLM,7B,uc6_test_030,cardiac,easy,NONURGENT,42,SEMIURGENT,SEMIURGENT,True,False,781
Mistral-7B,SLM,7B,uc6_test_030,cardiac,easy,NONURGENT,43,SEMIURGENT,SEMIURGENT,True,False,227
Mistral-7B,SLM,7B,uc6_test_030,cardiac,easy,NONURGENT,44,SEMIURGENT,SEMIURGENT,True,False,228
Llama-3.1-8B,SLM,8B,uc6_test_001,neurological,hard,CRITICAL,42,CRITICAL,CRITICAL,True,True,13153
Llama-3.1-8B,SLM,8B,uc6_test_001,neurological,hard,CRITICAL,43,CRITICAL,CRITICAL,True,True,265
Llama-3.1-8B,SLM,8B,uc6_test_001,neurological,hard,CRITICAL,44,CRITICAL,CRITICAL,True,True,278
Llama-3.1-8B,SLM,8B,uc6_test_002,sepsis_infection,medium,CRITICAL,42,CRITICAL,CRITICAL,True,True,2673
Llama-3.1-8B,SLM,8B,uc6_test_002,sepsis_infection,medium,CRITICAL,43,CRITICAL,CRITICAL,True,True,386
Llama-3.1-8B,SLM,8B,uc6_test_002,sepsis_infection,medium,CRITICAL,44,CRITICAL,CRITICAL,True,True,279
Llama-3.1-8B,SLM,8B,uc6_test_003,neurological,medium,CRITICAL,42,CRITICAL,CRITICAL,True,True,2467
Llama-3.1-8B,SLM,8B,uc6_test_003,neurological,medium,CRITICAL,43,CRITICAL,CRITICAL,True,True,301
Llama-3.1-8B,SLM,8B,uc6_test_003,neurological,medium,CRITICAL,44,CRITICAL,CRITICAL,True,True,314
Llama-3.1-8B,SLM,8B,uc6_test_004,neurological,easy,CRITICAL,42,CRITICAL,CRITICAL,True,True,2885
Llama-3.1-8B,SLM,8B,uc6_test_004,neurological,easy,CRITICAL,43,CRITICAL,CRITICAL,True,True,287
Llama-3.1-8B,SLM,8B,uc6_test_004,neurological,easy,CRITICAL,44,CRITICAL,CRITICAL,True,True,310
Llama-3.1-8B,SLM,8B,uc6_test_005,neurological,medium,URGENT,42,URGENT,URGENT,True,True,2617
Llama-3.1-8B,SLM,8B,uc6_test_005,neurological,medium,URGENT,43,URGENT,URGENT,True,True,467
Llama-3.1-8B,SLM,8B,uc6_test_005,neurological,medium,URGENT,44,URGENT,URGENT,True,True,541
Llama-3.1-8B,SLM,8B,uc6_test_006,trauma,easy,URGENT,42,CRITICAL,CRITICAL,True,False,2804
Llama-3.1-8B,SLM,8B,uc6_test_006,trauma,easy,URGENT,43,CRITICAL,CRITICAL,True,False,292
Llama-3.1-8B,SLM,8B,uc6_test_006,trauma,easy,URGENT,44,CRITICAL,CRITICAL,True,False,287
Llama-3.1-8B,SLM,8B,uc6_test_007,sepsis_infection,easy,URGENT,42,URGENT,URGENT,True,True,2907
Llama-3.1-8B,SLM,8B,uc6_test_007,sepsis_infection,easy,URGENT,43,URGENT,URGENT,True,True,340
Llama-3.1-8B,SLM,8B,uc6_test_007,sepsis_infection,easy,URGENT,44,URGENT,URGENT,True,True,330
Llama-3.1-8B,SLM,8B,uc6_test_008,respiratory,medium,URGENT,42,CRITICAL,CRITICAL,True,False,2680
Llama-3.1-8B,SLM,8B,uc6_test_008,respiratory,medium,URGENT,43,CRITICAL,CRITICAL,True,False,272
Llama-3.1-8B,SLM,8B,uc6_test_008,respiratory,medium,URGENT,44,CRITICAL,CRITICAL,True,False,267
Llama-3.1-8B,SLM,8B,uc6_test_009,trauma,medium,URGENT,42,URGENT,URGENT,True,True,2745
Llama-3.1-8B,SLM,8B,uc6_test_009,trauma,medium,URGENT,43,URGENT,URGENT,True,True,324
Llama-3.1-8B,SLM,8B,uc6_test_009,trauma,medium,URGENT,44,URGENT,URGENT,True,True,358
Llama-3.1-8B,SLM,8B,uc6_test_010,respiratory,medium,URGENT,42,URGENT,URGENT,True,True,2730
Llama-3.1-8B,SLM,8B,uc6_test_010,respiratory,medium,URGENT,43,URGENT,URGENT,True,True,331
Llama-3.1-8B,SLM,8B,uc6_test_010,respiratory,medium,URGENT,44,URGENT,URGENT,True,True,327
Llama-3.1-8B,SLM,8B,uc6_test_011,sepsis_infection,medium,URGENT,42,CRITICAL,CRITICAL,True,False,2664
Llama-3.1-8B,SLM,8B,uc6_test_011,sepsis_infection,medium,URGENT,43,CRITICAL,CRITICAL,True,False,274
Llama-3.1-8B,SLM,8B,uc6_test_011,sepsis_infection,medium,URGENT,44,CRITICAL,CRITICAL,True,False,263
Llama-3.1-8B,SLM,8B,uc6_test_012,sepsis_infection,hard,URGENT,42,URGENT,URGENT,True,True,2731
Llama-3.1-8B,SLM,8B,uc6_test_012,sepsis_infection,hard,URGENT,43,URGENT,URGENT,True,True,331
Llama-3.1-8B,SLM,8B,uc6_test_012,sepsis_infection,hard,URGENT,44,URGENT,URGENT,True,True,324
Llama-3.1-8B,SLM,8B,uc6_test_013,respiratory,hard,URGENT,42,URGENT,URGENT,True,True,2740
Llama-3.1-8B,SLM,8B,uc6_test_013,respiratory,hard,URGENT,43,URGENT,URGENT,True,True,331
Llama-3.1-8B,SLM,8B,uc6_test_013,respiratory,hard,URGENT,44,URGENT,URGENT,True,True,330
Llama-3.1-8B,SLM,8B,uc6_test_014,cardiac,medium,URGENT,42,CRITICAL,CRITICAL,True,False,2492
Llama-3.1-8B,SLM,8B,uc6_test_014,cardiac,medium,URGENT,43,CRITICAL,CRITICAL,True,False,268
Llama-3.1-8B,SLM,8B,uc6_test_014,cardiac,medium,URGENT,44,CRITICAL,CRITICAL,True,False,273
Llama-3.1-8B,SLM,8B,uc6_test_015,sepsis_infection,medium,URGENT,42,URGENT,URGENT,True,True,2757
Llama-3.1-8B,SLM,8B,uc6_test_015,sepsis_infection,medium,URGENT,43,URGENT,URGENT,True,True,327
Llama-3.1-8B,SLM,8B,uc6_test_015,sepsis_infection,medium,URGENT,44,URGENT,URGENT,True,True,329
Llama-3.1-8B,SLM,8B,uc6_test_016,neurological,easy,SEMIURGENT,42,SEMIURGENT,SEMIURGENT,True,True,2868
Llama-3.1-8B,SLM,8B,uc6_test_016,neurological,easy,SEMIURGENT,43,SEMIURGENT,SEMIURGENT,True,True,449
Llama-3.1-8B,SLM,8B,uc6_test_016,neurological,easy,SEMIURGENT,44,SEMIURGENT,SEMIURGENT,True,True,437
Llama-3.1-8B,SLM,8B,uc6_test_017,neurological,easy,SEMIURGENT,42,SEMIURGENT,SEMIURGENT,True,True,2628
Llama-3.1-8B,SLM,8B,uc6_test_017,neurological,easy,SEMIURGENT,43,SEMIURGENT,SEMIURGENT,True,True,437
Llama-3.1-8B,SLM,8B,uc6_test_017,neurological,easy,SEMIURGENT,44,SEMIURGENT,SEMIURGENT,True,True,445
Llama-3.1-8B,SLM,8B,uc6_test_018,respiratory,medium,SEMIURGENT,42,URGENT,URGENT,True,False,2733
Llama-3.1-8B,SLM,8B,uc6_test_018,respiratory,medium,SEMIURGENT,43,URGENT,URGENT,True,False,336
Llama-3.1-8B,SLM,8B,uc6_test_018,respiratory,medium,SEMIURGENT,44,URGENT,URGENT,True,False,336
Llama-3.1-8B,SLM,8B,uc6_test_019,cardiac,easy,SEMIURGENT,42,SEMIURGENT,SEMIURGENT,True,True,2888
Llama-3.1-8B,SLM,8B,uc6_test_019,cardiac,easy,SEMIURGENT,43,SEMIURGENT,SEMIURGENT,True,True,480
Llama-3.1-8B,SLM,8B,uc6_test_019,cardiac,easy,SEMIURGENT,44,SEMIURGENT,SEMIURGENT,True,True,521
Llama-3.1-8B,SLM,8B,uc6_test_020,trauma,easy,SEMIURGENT,42,SEMIURGENT,SEMIURGENT,True,True,3061
Llama-3.1-8B,SLM,8B,uc6_test_020,trauma,easy,SEMIURGENT,43,SEMIURGENT,SEMIURGENT,True,True,445
Llama-3.1-8B,SLM,8B,uc6_test_020,trauma,easy,SEMIURGENT,44,SEMIURGENT,SEMIURGENT,True,True,492
Llama-3.1-8B,SLM,8B,uc6_test_021,respiratory,easy,SEMIURGENT,42,SEMIURGENT,SEMIURGENT,True,True,2987
Llama-3.1-8B,SLM,8B,uc6_test_021,respiratory,easy,SEMIURGENT,43,SEMIURGENT,SEMIURGENT,True,True,458
Llama-3.1-8B,SLM,8B,uc6_test_021,respiratory,easy,SEMIURGENT,44,SEMIURGENT,SEMIURGENT,True,True,459
Llama-3.1-8B,SLM,8B,uc6_test_022,trauma,easy,SEMIURGENT,42,SEMIURGENT,SEMIURGENT,True,True,2864
Llama-3.1-8B,SLM,8B,uc6_test_022,trauma,easy,SEMIURGENT,43,SEMIURGENT,SEMIURGENT,True,True,432
Llama-3.1-8B,SLM,8B,uc6_test_022,trauma,easy,SEMIURGENT,44,SEMIURGENT,SEMIURGENT,True,True,458
Llama-3.1-8B,SLM,8B,uc6_test_023,respiratory,easy,SEMIURGENT,42,SEMIURGENT,SEMIURGENT,True,True,2949
Llama-3.1-8B,SLM,8B,uc6_test_023,respiratory,easy,SEMIURGENT,43,SEMIURGENT,SEMIURGENT,True,True,460
Llama-3.1-8B,SLM,8B,uc6_test_023,respiratory,easy,SEMIURGENT,44,SEMIURGENT,SEMIURGENT,True,True,469
Llama-3.1-8B,SLM,8B,uc6_test_024,sepsis_infection,easy,SEMIURGENT,42,SEMIURGENT,SEMIURGENT,True,True,2957
Llama-3.1-8B,SLM,8B,uc6_test_024,sepsis_infection,easy,SEMIURGENT,43,SEMIURGENT,SEMIURGENT,True,True,451
Llama-3.1-8B,SLM,8B,uc6_test_024,sepsis_infection,easy,SEMIURGENT,44,SEMIURGENT,SEMIURGENT,True,True,447
Llama-3.1-8B,SLM,8B,uc6_test_025,sepsis_infection,medium,SEMIURGENT,42,SEMIURGENT,SEMIURGENT,True,True,2871
Llama-3.1-8B,SLM,8B,uc6_test_025,sepsis_infection,medium,SEMIURGENT,43,SEMIURGENT,SEMIURGENT,True,True,493
Llama-3.1-8B,SLM,8B,uc6_test_025,sepsis_infection,medium,SEMIURGENT,44,SEMIURGENT,SEMIURGENT,True,True,462
Llama-3.1-8B,SLM,8B,uc6_test_026,cardiac,easy,SEMIURGENT,42,SEMIURGENT,SEMIURGENT,True,True,2841
Llama-3.1-8B,SLM,8B,uc6_test_026,cardiac,easy,SEMIURGENT,43,SEMIURGENT,SEMIURGENT,True,True,446
Llama-3.1-8B,SLM,8B,uc6_test_026,cardiac,easy,SEMIURGENT,44,SEMIURGENT,SEMIURGENT,True,True,450
Llama-3.1-8B,SLM,8B,uc6_test_027,trauma,easy,NONURGENT,42,SEMIURGENT,SEMIURGENT,True,False,2760
Llama-3.1-8B,SLM,8B,uc6_test_027,trauma,easy,NONURGENT,43,SEMIURGENT,SEMIURGENT,True,False,443
Llama-3.1-8B,SLM,8B,uc6_test_027,trauma,easy,NONURGENT,44,SEMIURGENT,SEMIURGENT,True,False,475
Llama-3.1-8B,SLM,8B,uc6_test_028,trauma,easy,NONURGENT,42,SEMIURGENT,SEMIURGENT,True,False,2789
Llama-3.1-8B,SLM,8B,uc6_test_028,trauma,easy,NONURGENT,43,SEMIURGENT,SEMIURGENT,True,False,476
Llama-3.1-8B,SLM,8B,uc6_test_028,trauma,easy,NONURGENT,44,SEMIURGENT,SEMIURGENT,True,False,469
Llama-3.1-8B,SLM,8B,uc6_test_029,sepsis_infection,easy,NONURGENT,42,NONURGENT,NONURGENT,True,True,2593
Llama-3.1-8B,SLM,8B,uc6_test_029,sepsis_infection,easy,NONURGENT,43,NONURGENT,NONURGENT,True,True,376
Llama-3.1-8B,SLM,8B,uc6_test_029,sepsis_infection,easy,NONURGENT,44,NONURGENT,NONURGENT,True,True,389
Llama-3.1-8B,SLM,8B,uc6_test_030,cardiac,easy,NONURGENT,42,SEMIURGENT,SEMIURGENT,True,False,2834
Llama-3.1-8B,SLM,8B,uc6_test_030,cardiac,easy,NONURGENT,43,SEMIURGENT,SEMIURGENT,True,False,439
Llama-3.1-8B,SLM,8B,uc6_test_030,cardiac,easy,NONURGENT,44,SEMIURGENT,SEMIURGENT,True,False,446
Llama-3.3-70B,LLM,70B,uc6_test_001,neurological,hard,CRITICAL,42,CRITICAL,CRITICAL,True,True,410
Llama-3.3-70B,LLM,70B,uc6_test_001,neurological,hard,CRITICAL,43,CRITICAL,CRITICAL,True,True,293
Llama-3.3-70B,LLM,70B,uc6_test_001,neurological,hard,CRITICAL,44,CRITICAL,CRITICAL,True,True,154
Llama-3.3-70B,LLM,70B,uc6_test_002,sepsis_infection,medium,CRITICAL,42,CRITICAL,CRITICAL,True,True,254
Llama-3.3-70B,LLM,70B,uc6_test_002,sepsis_infection,medium,CRITICAL,43,CRITICAL,CRITICAL,True,True,186
Llama-3.3-70B,LLM,70B,uc6_test_002,sepsis_infection,medium,CRITICAL,44,CRITICAL,CRITICAL,True,True,193
Llama-3.3-70B,LLM,70B,uc6_test_003,neurological,medium,CRITICAL,42,CRITICAL,CRITICAL,True,True,180
Llama-3.3-70B,LLM,70B,uc6_test_003,neurological,medium,CRITICAL,43,CRITICAL,CRITICAL,True,True,177
Llama-3.3-70B,LLM,70B,uc6_test_003,neurological,medium,CRITICAL,44,CRITICAL,CRITICAL,True,True,235
Llama-3.3-70B,LLM,70B,uc6_test_004,neurological,easy,CRITICAL,42,CRITICAL,CRITICAL,True,True,357
Llama-3.3-70B,LLM,70B,uc6_test_004,neurological,easy,CRITICAL,43,CRITICAL,CRITICAL,True,True,305
Llama-3.3-70B,LLM,70B,uc6_test_004,neurological,easy,CRITICAL,44,CRITICAL,CRITICAL,True,True,307
Llama-3.3-70B,LLM,70B,uc6_test_005,neurological,medium,URGENT,42,URGENT,URGENT,True,True,148
Llama-3.3-70B,LLM,70B,uc6_test_005,neurological,medium,URGENT,43,URGENT,URGENT,True,True,271
Llama-3.3-70B,LLM,70B,uc6_test_005,neurological,medium,URGENT,44,URGENT,URGENT,True,True,295
Llama-3.3-70B,LLM,70B,uc6_test_006,trauma,easy,URGENT,42,URGENT,URGENT,True,True,252
Llama-3.3-70B,LLM,70B,uc6_test_006,trauma,easy,URGENT,43,URGENT,URGENT,True,True,360
Llama-3.3-70B,LLM,70B,uc6_test_006,trauma,easy,URGENT,44,URGENT,URGENT,True,True,205
Llama-3.3-70B,LLM,70B,uc6_test_007,sepsis_infection,easy,URGENT,42,URGENT,URGENT,True,True,299
Llama-3.3-70B,LLM,70B,uc6_test_007,sepsis_infection,easy,URGENT,43,URGENT,URGENT,True,True,231
Llama-3.3-70B,LLM,70B,uc6_test_007,sepsis_infection,easy,URGENT,44,URGENT,URGENT,True,True,332
Llama-3.3-70B,LLM,70B,uc6_test_008,respiratory,medium,URGENT,42,URGENT,URGENT,True,True,148
Llama-3.3-70B,LLM,70B,uc6_test_008,respiratory,medium,URGENT,43,URGENT,URGENT,True,True,177
Llama-3.3-70B,LLM,70B,uc6_test_008,respiratory,medium,URGENT,44,URGENT,URGENT,True,True,344
Llama-3.3-70B,LLM,70B,uc6_test_009,trauma,medium,URGENT,42,URGENT,URGENT,True,True,141
Llama-3.3-70B,LLM,70B,uc6_test_009,trauma,medium,URGENT,43,URGENT,URGENT,True,True,154
Llama-3.3-70B,LLM,70B,uc6_test_009,trauma,medium,URGENT,44,URGENT,URGENT,True,True,149
Llama-3.3-70B,LLM,70B,uc6_test_010,respiratory,medium,URGENT,42,URGENT,URGENT,True,True,269
Llama-3.3-70B,LLM,70B,uc6_test_010,respiratory,medium,URGENT,43,URGENT,URGENT,True,True,275
Llama-3.3-70B,LLM,70B,uc6_test_010,respiratory,medium,URGENT,44,URGENT,URGENT,True,True,285
Llama-3.3-70B,LLM,70B,uc6_test_011,sepsis_infection,medium,URGENT,42,CRITICAL,CRITICAL,True,False,2303
Llama-3.3-70B,LLM,70B,uc6_test_011,sepsis_infection,medium,URGENT,43,CRITICAL,CRITICAL,True,False,2355
Llama-3.3-70B,LLM,70B,uc6_test_011,sepsis_infection,medium,URGENT,44,CRITICAL,CRITICAL,True,False,2356
Llama-3.3-70B,LLM,70B,uc6_test_012,sepsis_infection,hard,URGENT,42,URGENT,URGENT,True,True,2354
Llama-3.3-70B,LLM,70B,uc6_test_012,sepsis_infection,hard,URGENT,43,URGENT,URGENT,True,True,2353
Llama-3.3-70B,LLM,70B,uc6_test_012,sepsis_infection,hard,URGENT,44,URGENT,URGENT,True,True,2193
Llama-3.3-70B,LLM,70B,uc6_test_013,respiratory,hard,URGENT,42,URGENT,URGENT,True,True,2200
Llama-3.3-70B,LLM,70B,uc6_test_013,respiratory,hard,URGENT,43,URGENT,URGENT,True,True,2364
Llama-3.3-70B,LLM,70B,uc6_test_013,respiratory,hard,URGENT,44,URGENT,URGENT,True,True,2354
Llama-3.3-70B,LLM,70B,uc6_test_014,cardiac,medium,URGENT,42,CRITICAL,CRITICAL,True,False,2353
Llama-3.3-70B,LLM,70B,uc6_test_014,cardiac,medium,URGENT,43,CRITICAL,CRITICAL,True,False,2306
Llama-3.3-70B,LLM,70B,uc6_test_014,cardiac,medium,URGENT,44,CRITICAL,CRITICAL,True,False,2308
Llama-3.3-70B,LLM,70B,uc6_test_015,sepsis_infection,medium,URGENT,42,URGENT,URGENT,True,True,2225
Llama-3.3-70B,LLM,70B,uc6_test_015,sepsis_infection,medium,URGENT,43,URGENT,URGENT,True,True,2404
Llama-3.3-70B,LLM,70B,uc6_test_015,sepsis_infection,medium,URGENT,44,URGENT,URGENT,True,True,2298
Llama-3.3-70B,LLM,70B,uc6_test_016,neurological,easy,SEMIURGENT,42,NONURGENT,NONURGENT,True,False,2587
Llama-3.3-70B,LLM,70B,uc6_test_016,neurological,easy,SEMIURGENT,43,NONURGENT,NONURGENT,True,False,2255
Llama-3.3-70B,LLM,70B,uc6_test_016,neurological,easy,SEMIURGENT,44,NONURGENT,NONURGENT,True,False,2350
Llama-3.3-70B,LLM,70B,uc6_test_017,neurological,easy,SEMIURGENT,42,NONURGENT,NONURGENT,True,False,2237
Llama-3.3-70B,LLM,70B,uc6_test_017,neurological,easy,SEMIURGENT,43,NONURGENT,NONURGENT,True,False,2370
Llama-3.3-70B,LLM,70B,uc6_test_017,neurological,easy,SEMIURGENT,44,NONURGENT,NONURGENT,True,False,2457
Llama-3.3-70B,LLM,70B,uc6_test_018,respiratory,medium,SEMIURGENT,42,URGENT,URGENT,True,False,2530
Llama-3.3-70B,LLM,70B,uc6_test_018,respiratory,medium,SEMIURGENT,43,URGENT,URGENT,True,False,2633
Llama-3.3-70B,LLM,70B,uc6_test_018,respiratory,medium,SEMIURGENT,44,URGENT,URGENT,True,False,2410
Llama-3.3-70B,LLM,70B,uc6_test_019,cardiac,easy,SEMIURGENT,42,SEMIURGENT,SEMIURGENT,True,True,2221
Llama-3.3-70B,LLM,70B,uc6_test_019,cardiac,easy,SEMIURGENT,43,NONURGENT,NONURGENT,True,False,2210
Llama-3.3-70B,LLM,70B,uc6_test_019,cardiac,easy,SEMIURGENT,44,SEMIURGENT,SEMIURGENT,True,True,2428
Llama-3.3-70B,LLM,70B,uc6_test_020,trauma,easy,SEMIURGENT,42,SEMIURGENT,SEMIURGENT,True,True,2353
Llama-3.3-70B,LLM,70B,uc6_test_020,trauma,easy,SEMIURGENT,43,SEMIURGENT,SEMIURGENT,True,True,2201
Llama-3.3-70B,LLM,70B,uc6_test_020,trauma,easy,SEMIURGENT,44,SEMIURGENT,SEMIURGENT,True,True,2325
Llama-3.3-70B,LLM,70B,uc6_test_021,respiratory,easy,SEMIURGENT,42,URGENT,URGENT,True,False,2205
Llama-3.3-70B,LLM,70B,uc6_test_021,respiratory,easy,SEMIURGENT,43,URGENT,URGENT,True,False,2379
Llama-3.3-70B,LLM,70B,uc6_test_021,respiratory,easy,SEMIURGENT,44,URGENT,URGENT,True,False,2456
Llama-3.3-70B,LLM,70B,uc6_test_022,trauma,easy,SEMIURGENT,42,SEMIURGENT,SEMIURGENT,True,True,2457
Llama-3.3-70B,LLM,70B,uc6_test_022,trauma,easy,SEMIURGENT,43,SEMIURGENT,SEMIURGENT,True,True,2355
Llama-3.3-70B,LLM,70B,uc6_test_022,trauma,easy,SEMIURGENT,44,SEMIURGENT,SEMIURGENT,True,True,2353
Llama-3.3-70B,LLM,70B,uc6_test_023,respiratory,easy,SEMIURGENT,42,SEMIURGENT,SEMIURGENT,True,True,2355
Llama-3.3-70B,LLM,70B,uc6_test_023,respiratory,easy,SEMIURGENT,43,SEMIURGENT,SEMIURGENT,True,True,2355
Llama-3.3-70B,LLM,70B,uc6_test_023,respiratory,easy,SEMIURGENT,44,SEMIURGENT,SEMIURGENT,True,True,2334
Llama-3.3-70B,LLM,70B,uc6_test_024,sepsis_infection,easy,SEMIURGENT,42,NONURGENT,NONURGENT,True,False,2374
Llama-3.3-70B,LLM,70B,uc6_test_024,sepsis_infection,easy,SEMIURGENT,43,NONURGENT,NONURGENT,True,False,2458
Llama-3.3-70B,LLM,70B,uc6_test_024,sepsis_infection,easy,SEMIURGENT,44,NONURGENT,NONURGENT,True,False,2304
Llama-3.3-70B,LLM,70B,uc6_test_025,sepsis_infection,medium,SEMIURGENT,42,URGENT,URGENT,True,False,2405
Llama-3.3-70B,LLM,70B,uc6_test_025,sepsis_infection,medium,SEMIURGENT,43,URGENT,URGENT,True,False,2356
Llama-3.3-70B,LLM,70B,uc6_test_025,sepsis_infection,medium,SEMIURGENT,44,URGENT,URGENT,True,False,2305
Llama-3.3-70B,LLM,70B,uc6_test_026,cardiac,easy,SEMIURGENT,42,NONURGENT,NONURGENT,True,False,2326
Llama-3.3-70B,LLM,70B,uc6_test_026,cardiac,easy,SEMIURGENT,43,NONURGENT,NONURGENT,True,False,2327
Llama-3.3-70B,LLM,70B,uc6_test_026,cardiac,easy,SEMIURGENT,44,NONURGENT,NONURGENT,True,False,2337
Llama-3.3-70B,LLM,70B,uc6_test_027,trauma,easy,NONURGENT,42,NONURGENT,NONURGENT,True,True,2372
Llama-3.3-70B,LLM,70B,uc6_test_027,trauma,easy,NONURGENT,43,NONURGENT,NONURGENT,True,True,2310
Llama-3.3-70B,LLM,70B,uc6_test_027,trauma,easy,NONURGENT,44,NONURGENT,NONURGENT,True,True,2356
Llama-3.3-70B,LLM,70B,uc6_test_028,trauma,easy,NONURGENT,42,NONURGENT,NONURGENT,True,True,2298
Llama-3.3-70B,LLM,70B,uc6_test_028,trauma,easy,NONURGENT,43,NONURGENT,NONURGENT,True,True,2291
Llama-3.3-70B,LLM,70B,uc6_test_028,trauma,easy,NONURGENT,44,NONURGENT,NONURGENT,True,True,2415
Llama-3.3-70B,LLM,70B,uc6_test_029,sepsis_infection,easy,NONURGENT,42,NONURGENT,NONURGENT,True,True,2354
Llama-3.3-70B,LLM,70B,uc6_test_029,sepsis_infection,easy,NONURGENT,43,NONURGENT,NONURGENT,True,True,2281
Llama-3.3-70B,LLM,70B,uc6_test_029,sepsis_infection,easy,NONURGENT,44,NONURGENT,NONURGENT,True,True,2325
Llama-3.3-70B,LLM,70B,uc6_test_030,cardiac,easy,NONURGENT,42,NONURGENT,NONURGENT,True,True,2313
Llama-3.3-70B,LLM,70B,uc6_test_030,cardiac,easy,NONURGENT,43,"ERROR: Error code: 429 - {'error': {'message': 'Rate limit reached for model `llama-3.3-70b-versatile` in organization `org_01kjtfkp2bfhe996mwjqtw0fyq` service tier `on_demand` on tokens per day (TPD): Limit 100000, Used 99876, Requested 310. Please try again in 2m40.704s. Need more tokens? Upgrade to Dev Tier today at https://console.groq.com/settings/billing', 'type': 'tokens', 'code': 'rate_limit_exceeded'}}",ERROR,False,False,0
Llama-3.3-70B,LLM,70B,uc6_test_030,cardiac,easy,NONURGENT,44,"ERROR: Error code: 429 - {'error': {'message': 'Rate limit reached for model `llama-3.3-70b-versatile` in organization `org_01kjtfkp2bfhe996mwjqtw0fyq` service tier `on_demand` on tokens per day (TPD): Limit 100000, Used 99876, Requested 310. Please try again in 2m40.704s. Need more tokens? Upgrade to Dev Tier today at https://console.groq.com/settings/billing', 'type': 'tokens', 'code': 'rate_limit_exceeded'}}",ERROR,False,False,0
Llama-3.3-70B,LLM,70B,uc6_test_030,cardiac,easy,NONURGENT,43,NONURGENT,NONURGENT,True,True,324
Llama-3.3-70B,LLM,70B,uc6_test_030,cardiac,easy,NONURGENT,44,NONURGENT,NONURGENT,True,True,434
